{"val_loss": 11006.40595703125, "val_sample": 6970.85546875, "val_Point2Sphere": 5188.485693359375, "val_Radius": -1153.587646484375, "val_Cross Entropy": 0.12021386250853539, "epoch": 49, "trainer/global_step": 499, "_timestamp": 1692968527.015039, "_runtime": 998.9686629772186, "_step": 99, "loss": 10999.58955078125, "sample": 6965.740185546875, "Point2Sphere": 5185.14501953125, "Radius": -1143.9031005859374, "Cross Entropy": 0.12371722757816314, "_wandb": {"runtime": 998}}