{"val_loss": 1174.2475341796876, "val_sample": 1136.0284790039063, "val_Point2Sphere": 130.05047531127929, "val_Radius": -659.8641967773438, "val_Cross Entropy": 0.1651136174798012, "epoch": 49, "trainer/global_step": 499, "_timestamp": 1692943699.150867, "_runtime": 1490.1415538787842, "_step": 99, "loss": 1174.9281372070313, "sample": 1138.9502563476562, "Point2Sphere": 126.3341552734375, "Radius": -652.5190002441407, "Cross Entropy": 0.1624525099992752, "_wandb": {"runtime": 1489}}