{"val_loss": 1465218.45, "val_sample": 944429.4875, "val_Point2Sphere": 679128.7, "val_Radius": -225141.96875, "val_Cross Entropy": 0.21519197821617125, "epoch": 49, "trainer/global_step": 499, "_timestamp": 1692928854.1069765, "_runtime": 1611.9476385116577, "_step": 99, "loss": 1467192.9, "sample": 945405.975, "Point2Sphere": 680359.1125, "Radius": -225006.01875, "Cross Entropy": 0.21799875050783157, "_wandb": {"runtime": 1611}}