{"val_loss": 1810.1768310546875, "val_sample": 1854.57958984375, "val_Point2Sphere": 94.77280502319336, "val_Radius": -1203.80859375, "val_Cross Entropy": 0.15984660685062407, "epoch": 49, "trainer/global_step": 499, "_timestamp": 1692949695.0132966, "_runtime": 1425.7665076255798, "_step": 99, "loss": 1820.2046264648438, "sample": 1864.750390625, "Point2Sphere": 94.97053985595703, "Radius": -1206.9814697265624, "Cross Entropy": 0.17596977949142456, "_wandb": {"runtime": 1425}}