{"val_loss": 18823.3953125, "val_sample": 9086.458203125, "val_Point2Sphere": 12065.81884765625, "val_Radius": 841.1732177734375, "val_Cross Entropy": 0.1641453169286251, "epoch": 9, "trainer/global_step": 99, "_timestamp": 1692968747.0386636, "_runtime": 209.3360185623169, "_step": 19, "loss": 19330.6216796875, "sample": 9459.000390625, "Point2Sphere": 12243.46435546875, "Radius": 766.8132446289062, "Cross Entropy": 0.1681785427033901, "_wandb": {"runtime": 219}}