{"val_loss": 5511.44345703125, "val_sample": 4431.6275390625, "val_Point2Sphere": 1572.4636596679688, "val_Radius": -1783.3070068359375, "val_Cross Entropy": 0.17560888603329658, "epoch": 49, "trainer/global_step": 499, "_timestamp": 1692960310.4665618, "_runtime": 1462.7513718605042, "_step": 99, "loss": 5525.24638671875, "sample": 4440.86875, "Point2Sphere": 1577.6082275390625, "Radius": -1778.5327392578124, "Cross Entropy": 0.14416201785206795, "_wandb": {"runtime": 1462}}