{"val_loss": 595.4292175292969, "val_sample": 562.7084106445312, "val_Point2Sphere": 86.58776245117187, "val_Radius": -367.53521728515625, "val_Cross Entropy": 0.20413314700126647, "epoch": 49, "trainer/global_step": 499, "_timestamp": 1692945210.2827656, "_runtime": 1499.6818726062775, "_step": 99, "loss": 599.0772216796875, "sample": 562.7083251953125, "Point2Sphere": 91.63617782592773, "Radius": -371.20238037109374, "Cross Entropy": 0.18019544929265977, "_wandb": {"runtime": 1499}}