{"val_loss": 71.56108932495117, "val_sample": 43.972328186035156, "val_Point2Sphere": 40.322592163085936, "val_Radius": -48.24008560180664, "val_Cross Entropy": 0.15469181388616562, "epoch": 49, "trainer/global_step": 499, "_timestamp": 1692939166.6922507, "_runtime": 1507.7684166431427, "_step": 99, "loss": 73.03545112609864, "sample": 44.0575008392334, "Point2Sphere": 42.15559349060059, "Radius": -49.0321849822998, "Cross Entropy": 0.1566920980811119, "_wandb": {"runtime": 1507}}