{"val_loss": 2124.019921875, "val_sample": 1938.608837890625, "val_Point2Sphere": 379.59967041015625, "val_Radius": -1184.7962646484375, "val_Cross Entropy": 0.21106244176626204, "epoch": 49, "trainer/global_step": 499, "_timestamp": 1692927229.7213843, "_runtime": 1604.5527172088623, "_step": 99, "loss": 3886.3466186523438, "sample": 1920.3207763671876, "Point2Sphere": 2457.0343322753906, "Radius": 1.8809478759765625, "Cross Entropy": 0.21031978130340576, "_wandb": {"runtime": 1604}}