{"val_loss": 191577.3625, "val_sample": 143757.5, "val_Point2Sphere": 67085.44765625, "val_Radius": -58486.890625, "val_Cross Entropy": 0.1892499417066574, "epoch": 21, "trainer/global_step": 219, "_timestamp": 1692958920.261628, "_runtime": 721.7051019668579, "_step": 43, "loss": 192121.75, "sample": 144111.9015625, "Point2Sphere": 67323.09453125, "Radius": -58488.088671875, "Cross Entropy": 0.18412794768810273, "_wandb": {"runtime": 725}}