{"val_loss": 279.1287536621094, "val_sample": 243.8446807861328, "val_Point2Sphere": 65.86264152526856, "val_Radius": -175.8092498779297, "val_Cross Entropy": 0.17489295750856398, "epoch": 49, "trainer/global_step": 499, "_timestamp": 1692958836.4412403, "_runtime": 1233.4811923503876, "_step": 99, "loss": 276.1689727783203, "sample": 244.48214263916014, "Point2Sphere": 60.23091697692871, "Radius": -166.6959426879883, "Cross Entropy": 0.1716942459344864, "_wandb": {"runtime": 1233}}