{"val_loss": 8073.00634765625, "val_sample": 6969.14345703125, "val_Point2Sphere": 1852.6961791992187, "val_Radius": -3785.1064453125, "val_Cross Entropy": 0.21682898849248886, "epoch": 49, "trainer/global_step": 499, "_timestamp": 1692935330.036719, "_runtime": 1607.8614749908447, "_step": 99, "loss": 8200.59169921875, "sample": 7066.345458984375, "Point2Sphere": 1898.068701171875, "Radius": -3844.27626953125, "Cross Entropy": 0.21914542317390442, "_wandb": {"runtime": 1607}}