{"val_loss": 5736837.592616419, "val_sample": 4143416.0767202517, "val_Point2Sphere": 2160420.3511295766, "val_Radius": -1349509.0119810132, "val_Cross Entropy": 36.15879349304565, "epoch": 67, "trainer/global_step": 679, "_timestamp": 1691786082.9508052, "_runtime": 3149.933844089508, "_step": 135, "loss": 380.7151245117187, "sample": 370.99220581054686, "Point2Sphere": 42.86025848388672, "Radius": -247.3348403930664, "Cross Entropy": 0.16819893270730973, "_wandb": {"runtime": 3158}}