{"val_loss": 266.8476058959961, "val_sample": 239.3158187866211, "val_Point2Sphere": 54.339307403564455, "val_Radius": -161.16828155517578, "val_Cross Entropy": 0.17716197222471236, "epoch": 49, "trainer/global_step": 499, "_timestamp": 1692962443.5146868, "_runtime": 1006.396645784378, "_step": 99, "loss": 265.9629180908203, "sample": 239.39838714599608, "Point2Sphere": 53.11934051513672, "Radius": -161.0031967163086, "Cross Entropy": 0.1693673014640808, "_wandb": {"runtime": 1005}}