{"val_loss": 922.7982604980468, "val_sample": 899.3400451660157, "val_Point2Sphere": 100.06100082397461, "val_Radius": -568.0498046875, "val_Cross Entropy": 0.21441301703453064, "epoch": 49, "trainer/global_step": 499, "_timestamp": 1692948250.8843277, "_runtime": 1515.2038445472717, "_step": 99, "loss": 921.6991149902344, "sample": 896.3920471191407, "Point2Sphere": 101.69287109375, "Radius": -562.6082336425782, "Cross Entropy": 0.21359315812587737, "_wandb": {"runtime": 1515}}