{"val_loss": 2562.19677734375, "val_sample": 1803.5980346679687, "val_Point2Sphere": 1019.9661987304687, "val_Radius": -575.6812133789062, "val_Cross Entropy": 0.19391822218894958, "epoch": 49, "trainer/global_step": 499, "_timestamp": 1692933090.6757205, "_runtime": 1510.6261155605316, "_step": 99, "loss": 2559.574755859375, "sample": 1803.9214233398438, "Point2Sphere": 1014.6483337402344, "Radius": -562.6665954589844, "Cross Entropy": 0.20133109986782075, "_wandb": {"runtime": 1510}}