{"val_loss": 99.92704772949219, "val_sample": 52.21426696777344, "val_Point2Sphere": 67.06372375488282, "val_Radius": -61.951012802124026, "val_Cross Entropy": 0.25690189450979234, "epoch": 49, "trainer/global_step": 499, "_timestamp": 1692931569.367194, "_runtime": 1521.4929180145264, "_step": 99, "loss": 77.36057815551757, "sample": 44.921897888183594, "Point2Sphere": 46.307691955566405, "Radius": -48.24661979675293, "Cross Entropy": 0.2171891763806343, "_wandb": {"runtime": 1521}}