{"val_loss": 258.27978668212893, "val_sample": 217.72818145751953, "val_Point2Sphere": 71.31103744506837, "val_Radius": -166.87408447265625, "val_Cross Entropy": 0.19018321707844735, "epoch": 49, "trainer/global_step": 499, "_timestamp": 1692964467.1212635, "_runtime": 994.5431985855103, "_step": 99, "loss": 256.7814544677734, "sample": 220.70935668945313, "Point2Sphere": 64.26157073974609, "Radius": -154.96363372802733, "Cross Entropy": 0.1592072457075119, "_wandb": {"runtime": 994}}