{"val_loss": 4163.727319335938, "val_sample": 3664.5619140625, "val_Point2Sphere": 836.6183166503906, "val_Radius": -1703.0096435546875, "val_Cross Entropy": 0.17162933498620986, "epoch": 49, "trainer/global_step": 499, "_timestamp": 1692951010.7666407, "_runtime": 1305.5224697589874, "_step": 99, "loss": 4158.00029296875, "sample": 3661.9250244140626, "Point2Sphere": 832.7730834960937, "Radius": -1703.1322509765625, "Cross Entropy": 0.17007870972156525, "_wandb": {"runtime": 1305}}