{"val_loss": 10328.06142578125, "val_sample": 6194.4427734375, "val_Point2Sphere": 5297.1609375, "val_Radius": -1042.5946044921875, "val_Cross Entropy": 0.1494011625647545, "epoch": 49, "trainer/global_step": 499, "_timestamp": 1692936126.753757, "_runtime": 1502.4077548980713, "_step": 99, "loss": 10348.45927734375, "sample": 6206.400048828125, "Point2Sphere": 5308.42529296875, "Radius": -1048.2359741210937, "Cross Entropy": 0.14240103363990783, "_wandb": {"runtime": 1502}}