{"val_loss": 202596787143.45898, "val_sample": 85255944462.43842, "val_Point2Sphere": 139776911454.48163, "val_Radius": 55193053892.2956, "val_Cross Entropy": 3959.8805845173506, "epoch": 4, "trainer/global_step": 49, "_timestamp": 1691782422.9309826, "_runtime": 206.20531964302063, "_step": 9, "loss": 4347.765771484375, "sample": 3089.9891845703123, "Point2Sphere": 1690.5298950195313, "Radius": -948.7036804199219, "Cross Entropy": 0.22303616553544997, "_wandb": {"runtime": 215}}