{"val_loss": 591.3246948242188, "val_sample": 562.5684204101562, "val_Point2Sphere": 83.83757858276367, "val_Radius": -384.6970520019531, "val_Cross Entropy": 0.15594363063573838, "epoch": 49, "trainer/global_step": 499, "_timestamp": 1692937648.8865285, "_runtime": 1511.8283395767212, "_step": 99, "loss": 597.4600036621093, "sample": 564.222900390625, "Point2Sphere": 89.57126693725586, "Radius": -385.5113098144531, "Cross Entropy": 0.13122304677963256, "_wandb": {"runtime": 1511}}