{"val_loss": 139.18203659057616, "val_sample": 61.93784523010254, "val_Point2Sphere": 107.43999099731445, "val_Radius": -88.8218391418457, "val_Cross Entropy": 0.1743793986737728, "epoch": 49, "trainer/global_step": 499, "_timestamp": 1692967508.741442, "_runtime": 1000.4999170303345, "_step": 99, "loss": 73.49570770263672, "sample": 44.087332534790036, "Point2Sphere": 42.249972915649415, "Radius": -45.4327995300293, "Cross Entropy": 0.1516757383942604, "_wandb": {"runtime": 1000}}