{"val_loss": 72.3149200439453, "val_sample": 42.42274856567383, "val_Point2Sphere": 44.202227401733396, "val_Radius": -57.00994682312012, "val_Cross Entropy": 0.23138317316770554, "epoch": 49, "trainer/global_step": 499, "_timestamp": 1692946561.9307094, "_runtime": 1587.6420702934265, "_step": 99, "loss": 68.0499656677246, "sample": 42.13735580444336, "Point2Sphere": 38.12968997955322, "Radius": -48.10844764709473, "Cross Entropy": 0.21970166265964508, "_wandb": {"runtime": 1587}}