{"val_loss": 112437.09296875, "val_sample": 76871.025, "val_Point2Sphere": 46945.9453125, "val_Radius": -19908.53125, "val_Cross Entropy": 0.16260167211294174, "epoch": 49, "trainer/global_step": 499, "_timestamp": 1692933702.922173, "_runtime": 1610.5428891181946, "_step": 99, "loss": 113787.27578125, "sample": 77855.93203125, "Point2Sphere": 47442.224609375, "Radius": -20226.0857421875, "Cross Entropy": 0.17166490107774734, "_wandb": {"runtime": 1610}}