{"val_loss": 102.32858810424804, "val_sample": 65.50865592956544, "val_Point2Sphere": 53.72450714111328, "val_Radius": -63.155524826049806, "val_Cross Entropy": 0.15587523728609085, "epoch": 49, "trainer/global_step": 499, "_timestamp": 1692946725.9378233, "_runtime": 1503.8140664100647, "_step": 99, "loss": 102.37305297851563, "sample": 66.32058792114258, "Point2Sphere": 52.62676582336426, "Radius": -62.0361629486084, "Cross Entropy": 0.15466877818107605, "_wandb": {"runtime": 1503}}