{"val_loss": 143857.1015625, "val_sample": 46112.601953125, "val_Point2Sphere": 118783.671875, "val_Radius": 27173.400390625, "val_Cross Entropy": 0.21227581202983856, "epoch": 23, "trainer/global_step": 239, "_timestamp": 1692959885.3026676, "_runtime": 810.9326605796814, "_step": 47, "loss": 144053.63125, "sample": 46220.973046875, "Point2Sphere": 118897.23828125, "Radius": 27146.5904296875, "Cross Entropy": 0.2119709849357605, "_wandb": {"runtime": 821}}