{"val_loss": 208.26392669677733, "val_sample": 173.62262725830078, "val_Point2Sphere": 59.72718200683594, "val_Radius": -133.3057861328125, "val_Cross Entropy": 0.19013509154319763, "epoch": 49, "trainer/global_step": 499, "_timestamp": 1692930037.7947507, "_runtime": 1512.1434226036072, "_step": 99, "loss": 213.02539978027343, "sample": 175.7574035644531, "Point2Sphere": 62.752366638183595, "Radius": -131.2748031616211, "Cross Entropy": 0.19358201920986176, "_wandb": {"runtime": 1512}}