{"val_loss": 4149.305322265625, "val_sample": 4241.80009765625, "val_Point2Sphere": 257.64549255371094, "val_Radius": -2988.49072265625, "val_Cross Entropy": 0.23788103312253953, "epoch": 49, "trainer/global_step": 499, "_timestamp": 1692965469.2803657, "_runtime": 992.1772787570953, "_step": 99, "loss": 4159.786669921875, "sample": 4251.7470703125, "Point2Sphere": 259.548828125, "Radius": -2998.079736328125, "Cross Entropy": 0.2084730625152588, "_wandb": {"runtime": 991}}