{"val_loss": 244.769091796875, "val_sample": 187.30569915771486, "val_Point2Sphere": 88.12779006958007, "val_Radius": -132.32481231689454, "val_Cross Entropy": 0.19363792687654496, "epoch": 9, "trainer/global_step": 99, "_timestamp": 1692922201.778454, "_runtime": 302.97632002830505, "_step": 19, "loss": 263.76997528076174, "sample": 203.6073745727539, "Point2Sphere": 92.29221801757812, "Radius": -138.48195571899413, "Cross Entropy": 0.17701901495456696, "_wandb": {"runtime": 302}}