{"val_loss": 584.5960083007812, "val_sample": 556.0102172851563, "val_Point2Sphere": 79.41706008911133, "val_Radius": -354.9604797363281, "val_Cross Entropy": 0.5481654211878777, "epoch": 49, "trainer/global_step": 499, "_timestamp": 1692953447.3928146, "_runtime": 1082.5242295265198, "_step": 99, "loss": 586.7380920410156, "sample": 558.2207214355469, "Point2Sphere": 79.332958984375, "Radius": -351.2703369140625, "Cross Entropy": 0.17805076092481614, "_wandb": {"runtime": 1082}}