{"val_loss": 272.277783203125, "val_sample": 229.30853729248048, "val_Point2Sphere": 77.74242782592773, "val_Radius": -193.8276824951172, "val_Cross Entropy": 0.1580833800137043, "epoch": 49, "trainer/global_step": 499, "_timestamp": 1692928509.6731424, "_runtime": 1513.4057233333588, "_step": 99, "loss": 266.6431259155273, "sample": 227.71231079101562, "Point2Sphere": 71.10476226806641, "Radius": -181.06661529541014, "Cross Entropy": 0.15366670340299607, "_wandb": {"runtime": 1512}}