{"val_loss": 5058.762939453125, "val_sample": 4414.8650390625, "val_Point2Sphere": 1060.7384765625, "val_Radius": -2048.634765625, "val_Cross Entropy": 0.170379438996315, "epoch": 49, "trainer/global_step": 499, "_timestamp": 1692952350.720631, "_runtime": 1328.5536677837372, "_step": 99, "loss": 5072.564208984375, "sample": 4425.168505859375, "Point2Sphere": 1065.5350952148438, "Radius": -2052.0213623046875, "Cross Entropy": 0.16973569393157958, "_wandb": {"runtime": 1328}}