{"val_loss": 1812.4546264648438, "val_sample": 1807.8332275390626, "val_Point2Sphere": 143.83231658935546, "val_Radius": -1106.043212890625, "val_Cross Entropy": 0.15991411730647087, "epoch": 19, "trainer/global_step": 199, "_timestamp": 1692960535.9042287, "_runtime": 623.9499266147614, "_step": 39, "loss": 1826.0805786132812, "sample": 1819.7748291015625, "Point2Sphere": 146.73534698486327, "Radius": -1112.43037109375, "Cross Entropy": 0.16056303977966307, "_wandb": {"runtime": 654}}