{"val_loss": 817.8305847167969, "val_sample": 778.8919677734375, "val_Point2Sphere": 107.36242599487305, "val_Radius": -471.50433349609375, "val_Cross Entropy": 0.19912797808647156, "epoch": 49, "trainer/global_step": 499, "_timestamp": 1692930476.5270982, "_runtime": 1601.6498341560364, "_step": 99, "loss": 821.7105895996094, "sample": 783.7836486816407, "Point2Sphere": 106.20801086425782, "Radius": -472.4547424316406, "Cross Entropy": 0.20602818578481674, "_wandb": {"runtime": 1601}}