{"val_loss": 704.7864318847656, "val_sample": 675.7384948730469, "val_Point2Sphere": 89.75087051391601, "val_Radius": -429.42901611328125, "val_Cross Entropy": 0.19013152569532393, "epoch": 49, "trainer/global_step": 499, "_timestamp": 1692948186.0685308, "_runtime": 1606.031175851822, "_step": 99, "loss": 699.8359069824219, "sample": 675.12451171875, "Point2Sphere": 83.32653579711913, "Radius": -421.35521240234374, "Cross Entropy": 0.18568807393312453, "_wandb": {"runtime": 1605}}