{"val_loss": 2282.211572265625, "val_sample": 1810.235107421875, "val_Point2Sphere": 703.1213195800781, "val_Radius": -907.1803588867188, "val_Cross Entropy": 0.19744232669472694, "epoch": 9, "trainer/global_step": 99, "_timestamp": 1692922270.053862, "_runtime": 317.1222720146179, "_step": 19, "loss": 2343.9374755859376, "sample": 1840.7336791992188, "Point2Sphere": 736.1681396484375, "Radius": -859.2875, "Cross Entropy": 0.1980428323149681, "_wandb": {"runtime": 316}}