{"val_loss": 457.9735870361328, "val_sample": 421.19224243164064, "val_Point2Sphere": 81.31218948364258, "val_Radius": -284.4818817138672, "val_Cross Entropy": 0.17978001087903978, "epoch": 49, "trainer/global_step": 499, "_timestamp": 1692941759.6088083, "_runtime": 1599.7605402469635, "_step": 99, "loss": 464.85646667480466, "sample": 426.5552032470703, "Point2Sphere": 83.14154815673828, "Radius": -283.77464904785154, "Cross Entropy": 0.16547898650169374, "_wandb": {"runtime": 1599}}