{"val_loss": 927.9378662109375, "val_sample": 884.0489685058594, "val_Point2Sphere": 125.16270523071289, "val_Radius": -564.2154541015625, "val_Cross Entropy": 0.18031370490789414, "epoch": 49, "trainer/global_step": 499, "_timestamp": 1692963463.688975, "_runtime": 1001.7036170959473, "_step": 99, "loss": 908.8813598632812, "sample": 882.72353515625, "Point2Sphere": 99.1236183166504, "Radius": -533.3873840332031, "Cross Entropy": 0.19767649173736573, "_wandb": {"runtime": 1001}}