{"val_loss": 1665418260301330.2, "val_sample": 1297799377288242.0, "val_Point2Sphere": 536625729881131.2, "val_Radius": -616817110388906.6, "val_Cross Entropy": 11.001730438539457, "epoch": 57, "trainer/global_step": 579, "_timestamp": 1691785395.519883, "_runtime": 2497.6519010066986, "_step": 115, "loss": 1240.0327758789062, "sample": 1257.6138671875, "Point2Sphere": 79.61549835205078, "Radius": -814.7305480957032, "Cross Entropy": 0.19957008957862854, "_wandb": {"runtime": 2515}}