{"val_loss": 3192064.9, "val_sample": 1698551.9625, "val_Point2Sphere": 1866805.55, "val_Radius": 683.19140625, "val_Cross Entropy": 0.17933817133307456, "epoch": 49, "trainer/global_step": 499, "_timestamp": 1692926985.3284802, "_runtime": 1511.6415271759033, "_step": 99, "loss": 3226310.3, "sample": 1714128.4, "Point2Sphere": 1889846.3, "Radius": 3046.8990234375, "Cross Entropy": 0.14255438446998597, "_wandb": {"runtime": 1511}}