{"val_loss": 29680.9279296875, "val_sample": 24244.46328125, "val_Point2Sphere": 8150.62763671875, "val_Radius": -10842.4482421875, "val_Cross Entropy": 0.2062995433807373, "epoch": 36, "trainer/global_step": 369, "_timestamp": 1692949393.2404346, "_runtime": 1193.90544962883, "_step": 73, "loss": 29799.10234375, "sample": 24331.933203125, "Point2Sphere": 8191.3451171875, "Radius": -10861.10087890625, "Cross Entropy": 0.20345883965492248, "_wandb": {"runtime": 1198}}