{"val_loss": 329885.751953125, "val_sample": 280038.0553222656, "val_Point2Sphere": 83783.78376464844, "val_Radius": -173982.1372558594, "val_Cross Entropy": 218.88028297424316, "epoch": 1, "trainer/global_step": 19, "_timestamp": 1692922297.7201684, "_runtime": 82.26938128471375, "_step": 3, "loss": 11444248.749609375, "sample": 8669825.257861327, "Point2Sphere": 4086308.3607299803, "Radius": -4946237.421588135, "Cross Entropy": 0.25088403970003126, "_wandb": {"runtime": 96}}