{"val_loss": 2963.681640625, "val_sample": 3012.963330078125, "val_Point2Sphere": 164.82823333740234, "val_Radius": -1812.97412109375, "val_Cross Entropy": 0.15305588841438295, "epoch": 49, "trainer/global_step": 499, "_timestamp": 1692942190.354753, "_runtime": 1503.0635421276093, "_step": 99, "loss": 2972.4251220703127, "sample": 3021.00537109375, "Point2Sphere": 166.45777282714843, "Radius": -1818.9392700195312, "Cross Entropy": 0.14747354313731192, "_wandb": {"runtime": 1503}}