{"val_loss": 75.39484405517578, "val_sample": 43.24268341064453, "val_Point2Sphere": 46.41171455383301, "val_Radius": -51.46786804199219, "val_Cross Entropy": 0.1695754274725914, "epoch": 49, "trainer/global_step": 499, "_timestamp": 1692954454.055355, "_runtime": 993.7727191448212, "_step": 99, "loss": 70.2980396270752, "sample": 43.134064483642575, "Point2Sphere": 39.74127063751221, "Radius": -47.93412857055664, "Cross Entropy": 0.16437133252620698, "_wandb": {"runtime": 993}}