{"val_loss": 2917.8945068359376, "val_sample": 2802.58857421875, "val_Point2Sphere": 349.0123565673828, "val_Radius": -1640.9857177734375, "val_Cross Entropy": 0.19463430419564248, "epoch": 49, "trainer/global_step": 499, "_timestamp": 1692925461.1704946, "_runtime": 1532.3096985816956, "_step": 99, "loss": 2921.010595703125, "sample": 2801.925390625, "Point2Sphere": 353.5592376708984, "Radius": -1639.4745361328125, "Cross Entropy": 0.1852714940905571, "_wandb": {"runtime": 1532}}