{"val_loss": 478.2921630859375, "val_sample": 448.6330596923828, "val_Point2Sphere": 72.59762039184571, "val_Radius": -285.7778625488281, "val_Cross Entropy": 0.15879859253764153, "epoch": 49, "trainer/global_step": 499, "_timestamp": 1692934612.78148, "_runtime": 1509.2261760234833, "_step": 99, "loss": 475.1697204589844, "sample": 448.8999786376953, "Point2Sphere": 67.10621566772461, "Radius": -275.7604064941406, "Cross Entropy": 0.16080128848552705, "_wandb": {"runtime": 1509}}