{"val_loss": 3418.74697265625, "val_sample": 2342.5156005859376, "val_Point2Sphere": 1429.9092895507813, "val_Radius": -679.1569213867188, "val_Cross Entropy": 0.21972294598817826, "epoch": 49, "trainer/global_step": 499, "_timestamp": 1692940674.366378, "_runtime": 1498.6402809619904, "_step": 99, "loss": 3431.2328125, "sample": 2346.7815673828127, "Point2Sphere": 1439.8154052734376, "Radius": -676.0085205078125, "Cross Entropy": 0.19973764419555665, "_wandb": {"runtime": 1498}}