{"val_loss": 2630.450146484375, "val_sample": 2570.1509033203124, "val_Point2Sphere": 258.7933944702148, "val_Radius": -1468.9713134765625, "val_Cross Entropy": 0.16176643073558808, "epoch": 49, "trainer/global_step": 499, "_timestamp": 1692966488.195509, "_runtime": 1005.6844639778137, "_step": 99, "loss": 2662.537646484375, "sample": 2584.1165283203127, "Point2Sphere": 283.23395385742185, "Radius": -1483.3463256835937, "Cross Entropy": 0.16866160035133362, "_wandb": {"runtime": 1005}}