{"val_loss": 35918.859375, "val_sample": 37914.428125, "val_Point2Sphere": 952.9548034667969, "val_Radius": -27581.28125, "val_Cross Entropy": 0.19585490226745605, "epoch": 49, "trainer/global_step": 499, "_timestamp": 1692961427.118021, "_runtime": 1103.5289750099182, "_step": 99, "loss": 36881.7890625, "sample": 37877.71875, "Point2Sphere": 2106.9971557617187, "Radius": -26817.184765625, "Cross Entropy": 0.19080645442008973, "_wandb": {"runtime": 1103}}