{"val_loss": 8935.473828125, "val_sample": 3613.43251953125, "val_Point2Sphere": 6471.804638671875, "val_Radius": 1444.1025390625, "val_Cross Entropy": 0.18721060305833817, "epoch": 49, "trainer/global_step": 499, "_timestamp": 1692925605.7952583, "_runtime": 1614.5008642673492, "_step": 99, "loss": 9034.7501953125, "sample": 3645.399853515625, "Point2Sphere": 6551.278076171875, "Radius": 1481.4511962890624, "Cross Entropy": 0.1826223164796829, "_wandb": {"runtime": 1614}}