{"val_loss": 1850.5780883789062, "val_sample": 1851.7423950195312, "val_Point2Sphere": 130.25838928222657, "val_Radius": -1056.769775390625, "val_Cross Entropy": 0.30597297102212906, "epoch": 49, "trainer/global_step": 499, "_timestamp": 1692938534.5076733, "_runtime": 1598.6841101646423, "_step": 99, "loss": 1847.9434814453125, "sample": 1848.3075439453125, "Point2Sphere": 131.09467849731445, "Radius": -1054.238818359375, "Cross Entropy": 0.18408494293689728, "_wandb": {"runtime": 1598}}