{"val_loss": 17198.3615234375, "val_sample": 9320.8826171875, "val_Point2Sphere": 9878.52548828125, "val_Radius": -255.61289978027344, "val_Cross Entropy": 0.21868975311517716, "epoch": 49, "trainer/global_step": 499, "_timestamp": 1692944962.780252, "_runtime": 1604.4715840816498, "_step": 99, "loss": 17208.22421875, "sample": 9328.8173828125, "Point2Sphere": 9880.79970703125, "Radius": -254.51343688964843, "Cross Entropy": 0.2187698230147362, "_wandb": {"runtime": 1604}}