{"val_loss": 820714.91875, "val_sample": 511996.63125, "val_Point2Sphere": 397661.74375, "val_Radius": -94113.3828125, "val_Cross Entropy": 0.1955023229122162, "epoch": 49, "trainer/global_step": 499, "_timestamp": 1692936925.5706906, "_runtime": 1584.601580619812, "_step": 99, "loss": 830033.0375, "sample": 518689.21875, "Point2Sphere": 401341.571875, "Radius": -97296.3359375, "Cross Entropy": 0.18661442399024963, "_wandb": {"runtime": 1584}}