{"val_loss": 67.12406005859376, "val_sample": 37.111576843261716, "val_Point2Sphere": 44.64420013427734, "val_Radius": -58.65838851928711, "val_Cross Entropy": 0.162962406873703, "epoch": 49, "trainer/global_step": 499, "_timestamp": 1692932081.7164838, "_runtime": 1596.0573649406433, "_step": 99, "loss": 65.23541831970215, "sample": 40.733659744262695, "Point2Sphere": 36.400838661193845, "Radius": -47.71955261230469, "Cross Entropy": 0.15304408818483353, "_wandb": {"runtime": 1596}}