{"val_loss": 129.26188125610352, "val_sample": 80.9008056640625, "val_Point2Sphere": 70.18559265136719, "val_Radius": -79.5091781616211, "val_Cross Entropy": 0.16351370513439178, "epoch": 49, "trainer/global_step": 499, "_timestamp": 1692943349.1588101, "_runtime": 1579.7675590515137, "_step": 99, "loss": 124.82173309326171, "sample": 82.97068099975586, "Point2Sphere": 60.74654197692871, "Radius": -69.08781127929687, "Cross Entropy": 0.16259829998016356, "_wandb": {"runtime": 1579}}