{"val_loss": 1369.7808471679687, "val_sample": 1322.4484985351562, "val_Point2Sphere": 167.87388305664064, "val_Radius": -871.646728515625, "val_Cross Entropy": 0.1979162573814392, "epoch": 49, "trainer/global_step": 499, "_timestamp": 1692955515.3060646, "_runtime": 1050.8722896575928, "_step": 99, "loss": 1419.9830810546875, "sample": 1349.4912719726562, "Point2Sphere": 200.82842254638672, "Radius": -903.7984802246094, "Cross Entropy": 0.20893066376447678, "_wandb": {"runtime": 1050}}