{"val_loss": 279496.559375, "val_sample": 94650.48984375, "val_Point2Sphere": 223220.9859375, "val_Radius": 62690.51171875, "val_Cross Entropy": 0.21799397170543672, "epoch": 49, "trainer/global_step": 499, "_timestamp": 1692957585.9590795, "_runtime": 1004.1696064472198, "_step": 99, "loss": 280594.465625, "sample": 95248.38515625, "Point2Sphere": 223808.2734375, "Radius": 62992.362890625, "Cross Entropy": 0.2175264075398445, "_wandb": {"runtime": 1003}}