{"val_loss": 2705722.5532958983, "val_sample": 1039757.3802246094, "val_Point2Sphere": 1992542.9803619385, "val_Radius": 719306.2879760743, "val_Cross Entropy": 0.18755438923835754, "epoch": 49, "trainer/global_step": 499, "_timestamp": 1692956569.4640927, "_runtime": 1040.4068207740784, "_step": 99, "loss": 1503.11455078125, "sample": 1469.6224975585938, "Point2Sphere": 142.77330780029297, "Radius": -809.2080078125, "Cross Entropy": 0.1942195251584053, "_wandb": {"runtime": 1040}}